{
  "config_name": "wider_threshold_scan",
  "hidden_size": 16,
  "static_hidden_size": 8,
  "fusion_hidden_size": 16,
  "dropout": 0.2,
  "learning_rate": 0.0005,
  "weight_decay": 0.001,
  "batch_size": 8,
  "patience": 15,
  "epochs": 80,
  "manual_pos_weight": 1.0,
  "threshold_select_metric": "macro_f1",
  "threshold_candidates": "[0.45, 0.47, 0.49, 0.51, 0.53, 0.55, 0.57, 0.59, 0.61, 0.63, 0.65]",
  "best_threshold_mean": 0.5166666666666666,
  "best_threshold_std": 0.06110100926607787,
  "best_threshold_min": 0.45,
  "best_threshold_max": 0.57,
  "accuracy_mean": 0.48148148148148145,
  "accuracy_std": 0.03207501495497921,
  "accuracy_min": 0.4444444444444444,
  "accuracy_max": 0.5,
  "precision_mean": 0.3333333333333333,
  "precision_std": 0.2886751345948129,
  "precision_min": 0.0,
  "precision_max": 0.5,
  "recall_mean": 0.14814814814814814,
  "recall_std": 0.16972502573910517,
  "recall_min": 0.0,
  "recall_max": 0.3333333333333333,
  "f1_mean": 0.19393939393939394,
  "f1_std": 0.2002752926285855,
  "f1_min": 0.0,
  "f1_max": 0.4,
  "macro_f1_mean": 0.40143856143856144,
  "macro_f1_std": 0.08938805491257504,
  "macro_f1_min": 0.3076923076923077,
  "macro_f1_max": 0.4857142857142857,
  "balanced_accuracy_mean": 0.48148148148148145,
  "balanced_accuracy_std": 0.03207501495497921,
  "balanced_accuracy_min": 0.4444444444444444,
  "balanced_accuracy_max": 0.5,
  "negative_recall_mean": 0.8148148148148148,
  "negative_recall_std": 0.12830005981991685,
  "negative_recall_min": 0.6666666666666666,
  "negative_recall_max": 0.8888888888888888,
  "tn_mean": 7.333333333333333,
  "tn_std": 1.1547005383792517,
  "tn_min": 6,
  "tn_max": 8,
  "fp_mean": 1.6666666666666667,
  "fp_std": 1.1547005383792517,
  "fp_min": 1,
  "fp_max": 3,
  "fn_mean": 7.666666666666667,
  "fn_std": 1.5275252316519465,
  "fn_min": 6,
  "fn_max": 9,
  "tp_mean": 1.3333333333333333,
  "tp_std": 1.5275252316519468,
  "tp_min": 0,
  "tp_max": 3
}